﻿{"cameraMode":{"drawMode":0,"name":"Shaded","section":"Shading Mode"},"sceneLighting":true,"audioPlay":false,"sceneViewState":{"showFog":true,"showMaterialUpdate":false,"showSkybox":true,"showFlares":true,"showImageEffects":true,"showParticleSystems":true},"in2DMode":false,"pivot":{"x":113.65789794921875,"y":77.01226043701172,"z":-93.09940338134766},"rotation":{"x":0.05929987132549286,"y":-0.9335098266601563,"z":0.18292295932769776,"w":0.30262550711631777},"size":237.6056365966797,"orthographic":false}