﻿{"cameraMode":{"drawMode":0,"name":"Shaded","section":"Shading Mode"},"sceneLighting":true,"audioPlay":false,"sceneViewState":{"showFog":true,"showMaterialUpdate":false,"showSkybox":true,"showFlares":true,"showImageEffects":true,"showParticleSystems":true},"in2DMode":false,"pivot":{"x":119.62672424316406,"y":75.69322204589844,"z":4.370260715484619},"rotation":{"x":0.09169691801071167,"y":-0.6955336332321167,"z":0.09022529423236847,"w":0.706883430480957},"size":12.467253684997559,"orthographic":false}