﻿{"cameraMode":{"drawMode":2,"name":"Shaded Wireframe","section":"Shading Mode"},"sceneLighting":false,"audioPlay":false,"sceneViewState":{"showFog":true,"showMaterialUpdate":false,"showSkybox":true,"showFlares":true,"showImageEffects":true,"showParticleSystems":true},"in2DMode":false,"pivot":{"x":126.75001525878906,"y":43.55999755859375,"z":17.75},"rotation":{"x":0.09995175153017044,"y":0.43361327052116396,"z":-0.048466507345438007,"w":0.89422607421875},"size":78.2481460571289,"orthographic":false}